[{"excluded":[],"includePaths":["C:/qt/5.15.2/mingw81_64/include","C:/qt/5.15.2/mingw81_64/include/QtQuick","C:/qt/5.15.2/mingw81_64/include/QtWidgets","C:/qt/5.15.2/mingw81_64/include/QtGui","C:/qt/5.15.2/mingw81_64/include/QtANGLE","C:/qt/5.15.2/mingw81_64/include/QtQmlModels","C:/qt/5.15.2/mingw81_64/include/QtQml","C:/qt/5.15.2/mingw81_64/include/QtNetwork","C:/qt/5.15.2/mingw81_64/include/QtCore","C:/qt/5.15.2/mingw81_64/qmllanguage"],"projectFile":"C:/qt/5.15.2/mingw81_64/qmllanguage/QMLLanguage.pro","sources":["C:/qt/5.15.2/mingw81_64/qmllanguage/main.cpp","C:/qt/5.15.2/mingw81_64/qmllanguage/main.qml","C:/qt/5.15.2/mingw81_64/qmllanguage/qmltranslator.cpp","C:/qt/5.15.2/mingw81_64/qmllanguage/qmltranslator.h"],"translations":["C:/qt/5.15.2/mingw81_64/qmllanguage/QmlLanguage_hd.ts","C:/qt/5.15.2/mingw81_64/qmllanguage/QmlLanguage_kd.ts"]}]
